{"cameraMode":{"drawMode":0,"name":"Shaded","section":"Shading Mode"},"sceneLighting":true,"audioPlay":false,"sceneViewState":{"showFog":true,"showMaterialUpdate":false,"showSkybox":true,"showFlares":true,"showImageEffects":true,"showParticleSystems":true},"in2DMode":false,"pivot":{"x":-2.38722825050354,"y":-2.5125298500061037,"z":6.993808746337891},"rotation":{"x":-0.25040850043296816,"y":0.22940292954444886,"z":-0.06124168261885643,"w":-0.9386668801307678},"size":4.697934150695801,"orthographic":false}